{
    "metadata":{
        "type":"Geometry",
        "generator":"io_three",
        "version":3,
        "vertices":25,
        "normals":14,
        "materials":0,
        "uvs":0,
        "faces":16
    },
    "vertices":[0.0852158,1.27413,0.699037,-0.2,0,-8.74228e-09,0.0852158,1.27413,0.699037,0.2,0,8.74228e-09,0.0852158,1.27413,0.699037,-0.21045,0.886646,0.231319,-4.37114e-08,0,0,0.092949,0.922253,0.134591,-0.0587504,0.90445,0.182955,0.0852158,1.27413,0.699037,-0.179422,0.472446,0.0461939,0.1,0,4.37114e-09,0.0471673,1.18449,0.372878,0.0852158,1.27413,0.699037,-0.100098,1.06762,0.501866,-0.1,0,-4.37114e-09,0.179422,0.472446,0.0461939,0.0170993,0.913352,0.158773,-0.1346,0.895548,0.207137,-0.0264652,1.12605,0.437372,-2.18557e-08,0.472446,0.0461939,-0.0897111,0.472446,0.0461939,-0.0632815,1.09684,0.469619,0.010351,1.15527,0.405125,0.0897111,0.472446,0.0461939],
    "faces":[35,24,11,3,16,0,0,0,0,0,35,23,17,7,12,0,1,1,1,1,35,22,18,8,19,0,2,2,2,2,35,21,15,6,20,0,3,3,3,3,35,18,21,20,8,0,4,4,4,4,35,5,10,21,18,0,5,5,5,5,35,10,1,15,21,0,3,3,3,3,35,9,22,19,4,0,6,6,6,6,35,0,14,22,9,0,7,7,7,7,35,14,5,18,22,0,8,8,8,8,35,13,23,12,2,0,9,9,9,9,35,4,19,23,13,0,10,10,10,10,35,19,8,17,23,0,11,11,11,11,35,17,24,16,7,0,12,12,12,12,35,8,20,24,17,0,13,13,13,13,35,20,6,11,24,0,3,3,3,3],
    "uvs":[],
    "normals":[-4.13666e-08,-0.0973121,0.995254,0.514236,-0.565915,0.644439,0.489729,-0.72035,0.491184,-4.13666e-08,-0.0973121,0.995254,0.153696,-0.308219,0.938817,0.15374,-0.365494,0.91803,0.679378,-0.723957,0.119716,0.679379,-0.723956,0.119715,0.46822,-0.785851,0.403991,0.679378,-0.723957,0.119716,0.679379,-0.723956,0.119715,0.505174,-0.646035,0.572222,0.151929,-0.191648,0.969633,0.153086,-0.250052,0.956054],
    "materials":[]
}