{
    "metadata":{
        "type":"Geometry",
        "generator":"io_three",
        "version":3,
        "vertices":25,
        "normals":12,
        "materials":0,
        "uvs":0,
        "faces":16
    },
    "vertices":[4.37114e-08,1.26495,0.717222,-0.2,0,-8.74228e-09,4.37114e-08,1.26495,0.717222,0.2,0,8.74228e-09,4.37114e-08,1.26495,0.717222,-0.160215,0.898698,0.180724,-4.37114e-08,0,0,0.160215,0.898697,0.180724,1.77636e-15,0.898698,0.180724,4.37114e-08,1.26495,0.717222,-0.179422,0.472446,0.0461939,0.1,0,4.37114e-09,0.113999,1.14098,0.421418,4.37114e-08,1.26495,0.717222,-0.113999,1.14098,0.421418,-0.1,0,-4.37114e-09,0.179422,0.472446,0.0461939,0.0801073,0.898698,0.180724,-0.0801073,0.898698,0.180724,2.18557e-08,1.14098,0.421418,-2.18557e-08,0.472446,0.0461939,-0.0897111,0.472446,0.0461939,-0.0569994,1.14098,0.421418,0.0569994,1.14098,0.421418,0.0897111,0.472446,0.0461939],
    "faces":[35,24,11,3,16,0,0,0,0,0,35,23,17,7,12,0,1,1,1,1,35,22,18,8,19,0,2,2,2,2,35,21,15,6,20,0,3,3,3,3,35,18,21,20,8,0,4,4,4,4,35,5,10,21,18,0,4,4,4,4,35,10,1,15,21,0,3,3,3,3,35,9,22,19,4,0,5,5,5,5,35,0,14,22,9,0,6,6,6,6,35,14,5,18,22,0,7,7,7,7,35,13,23,12,2,0,6,6,6,6,35,4,19,23,13,0,8,8,8,8,35,19,8,17,23,0,9,9,9,9,35,17,24,16,7,0,10,10,10,10,35,8,20,24,17,0,11,11,11,11,35,20,6,11,24,0,3,3,3,3],
    "uvs":[],
    "normals":[-4.13666e-08,-0.0973121,0.995254,-3.18232e-07,-0.704772,0.709433,0,-0.704773,0.709433,-4.13666e-08,-0.0973121,0.995254,0,-0.300976,0.953632,0,-0.922285,0.386511,0,-0.922285,0.386511,0,-0.704773,0.709433,0,-0.922285,0.386511,-7.9558e-08,-0.704773,0.709433,-1.96313e-07,-0.300976,0.953632,-4.90783e-08,-0.300976,0.953632],
    "materials":[]
}