{
    "metadata":{
        "type":"Geometry",
        "generator":"io_three",
        "version":3,
        "vertices":25,
        "normals":15,
        "materials":1,
        "uvs":1,
        "faces":16
    },
    "vertices":[4.37114e-08,1.71635,-0.490304,-0.2,0,-8.74228e-09,4.37114e-08,1.71635,-0.490304,0.2,0,8.74228e-09,4.37114e-08,1.71635,-0.490304,-0.160215,1,-0.117511,-4.37114e-08,0,0,0.160215,1,-0.117511,0,1,-0.117511,4.37114e-08,1.71635,-0.490304,-0.179422,0.508104,-0.0202605,0.1,0,4.37114e-09,0.113999,1.45137,-0.275543,4.37114e-08,1.71635,-0.490304,-0.113999,1.45137,-0.275543,-0.1,0,-4.37114e-09,0.179422,0.508104,-0.0202605,0.0801073,1,-0.117511,-0.0801073,1,-0.117511,2.18557e-08,1.45137,-0.275543,-2.18557e-08,0.508104,-0.0202605,-0.0897111,0.508104,-0.0202605,-0.0569994,1.45137,-0.275543,0.0569994,1.45137,-0.275543,0.0897111,0.508104,-0.0202605],
    "faces":[43,24,11,3,16,0,0,1,2,3,0,0,0,0,43,23,17,7,12,0,4,5,6,7,1,1,1,1,43,22,18,8,19,0,8,9,10,11,2,2,2,2,43,21,15,6,20,0,12,13,14,15,0,0,0,0,43,18,21,20,8,0,9,12,15,10,3,3,3,3,43,5,10,21,18,0,16,17,12,9,4,4,4,4,43,10,1,15,21,0,17,18,13,12,5,5,5,5,43,9,22,19,4,0,19,8,11,19,6,6,6,6,43,0,14,22,9,0,19,20,8,19,7,7,7,7,43,14,5,18,22,0,20,16,9,8,8,8,8,8,43,13,23,12,2,0,19,4,7,19,9,9,9,9,43,4,19,23,13,0,19,11,4,19,10,10,10,10,43,19,8,17,23,0,11,10,5,4,11,11,11,11,43,17,24,16,7,0,5,0,3,6,12,12,12,12,43,8,20,24,17,0,10,15,0,5,13,13,13,13,43,20,6,11,24,0,15,14,1,0,14,14,14,14],
    "uvs":[[0.604105,0.724236,0.85811,0.749954,0.85811,0.999907,0.604105,0.948472,0.132557,0.642472,0.358203,0.700231,0.358203,0.900463,0.132557,0.784944,0.132557,0.357528,0.358203,0.299769,0.358203,0.5,0.132557,0.5,0.604105,0.275764,0.85811,0.250046,0.85811,0.5,0.604105,0.5,0.358203,0.0995375,0.604105,0.0515276,0.85811,9.26207e-05,9.26207e-05,0.5,0.132557,0.215056]],
    "normals":[-4.82703e-08,0.0398431,0.999206,-2.27256e-07,0.330445,0.943825,0,0.330445,0.943825,-4.37498e-08,0.193951,0.981011,-8.74996e-08,0.193951,0.981011,-4.82703e-08,0.0398431,0.999206,0,0.62965,0.776879,0,0.62965,0.776879,0,0.330445,0.943825,-3.83233e-07,0.62965,0.776879,0,0.62965,0.776879,0,0.330445,0.943825,-8.74996e-08,0.193951,0.981011,0,0.193951,0.981011,-3.86162e-08,0.0398431,0.999206],
    "materials":[{
        "colorEmissive":[0,0,0],
        "shading":"phong",
        "opacity":1,
        "transparent":false,
        "visible":true,
        "wireframe":false,
        "blending":1,
        "depthTest":true,
        "depthWrite":true,
        "doubleSided":false,
        "DbgName":"Material",
        "DbgColor":15658734,
        "DbgIndex":0,
        "colorDiffuse":[0.00505678,0.224807,0.00266363],
        "specularCoef":50,
        "colorSpecular":[0.5,0.5,0.5]
    }]
}