{
    "metadata":{
        "type":"Geometry",
        "generator":"io_three",
        "version":3,
        "vertices":25,
        "normals":13,
        "materials":0,
        "uvs":0,
        "faces":16
    },
    "vertices":[4.37114e-08,1.78524,0.0413314,-0.2,0,-8.74228e-09,4.37114e-08,1.78524,0.0413314,0.2,0,8.74228e-09,4.37114e-08,1.78524,0.0413314,-0.160215,0.898698,0.180724,-4.37114e-08,0,0,0.160215,0.898697,0.180724,1.77636e-15,0.898698,0.180724,4.37114e-08,1.78524,0.0413314,-0.179422,0.472446,0.0461939,0.1,0,4.37114e-09,0.113999,1.37925,0.183155,4.37114e-08,1.78524,0.0413314,-0.113999,1.37925,0.183155,-0.1,0,-4.37114e-09,0.179422,0.472446,0.0461939,0.0801073,0.898698,0.180724,-0.0801073,0.898698,0.180724,2.18557e-08,1.37925,0.183155,-2.18557e-08,0.472446,0.0461939,-0.0897111,0.472446,0.0461939,-0.0569994,1.37925,0.183155,0.0569994,1.37925,0.183155,0.0897111,0.472446,0.0461939],
    "faces":[35,24,11,3,16,0,0,0,0,0,35,23,17,7,12,0,1,1,1,1,35,22,18,8,19,0,2,2,2,2,35,21,15,6,20,0,3,3,3,3,35,18,21,20,8,0,4,4,4,4,35,5,10,21,18,0,4,4,4,4,35,10,1,15,21,0,3,3,3,3,35,9,22,19,4,0,5,5,5,5,35,0,14,22,9,0,6,6,6,6,35,14,5,18,22,0,7,7,7,7,35,13,23,12,2,0,8,8,8,8,35,4,19,23,13,0,9,9,9,9,35,19,8,17,23,0,10,10,10,10,35,17,24,16,7,0,11,11,11,11,35,8,20,24,17,0,12,12,12,12,35,20,6,11,24,0,3,3,3,3],
    "uvs":[],
    "normals":[-4.13666e-08,-0.0973121,0.995254,-1.76688e-09,-0.00505926,0.999987,0,-0.00505929,0.999987,-4.13666e-08,-0.0973121,0.995254,0,-0.300976,0.953632,0,0.329784,0.944057,0,0.329784,0.944056,0,-0.00505929,0.999987,0,0.329784,0.944056,0,0.329784,0.944056,-1.0778e-07,-0.00505928,0.999987,-1.96313e-07,-0.300976,0.953632,-4.90783e-08,-0.300976,0.953632],
    "materials":[]
}